{"cameraMode":{"drawMode":0,"name":"Shaded","section":"Shading Mode"},"sceneLighting":false,"audioPlay":false,"sceneViewState":{"showFog":true,"showMaterialUpdate":false,"showSkybox":false,"showFlares":true,"showImageEffects":true,"showParticleSystems":true},"in2DMode":false,"pivot":{"x":161.43161010742188,"y":36.999000549316409,"z":453.74993896484377},"rotation":{"x":-0.008506414480507374,"y":0.9909785389900208,"z":-0.10925853252410889,"w":-0.0771535187959671},"size":1.6384588479995728,"orthographic":false}