{"cameraMode":{"drawMode":0,"name":"Shaded","section":"Shading Mode"},"sceneLighting":true,"audioPlay":false,"sceneViewState":{"showFog":false,"showMaterialUpdate":false,"showSkybox":false,"showFlares":false,"showImageEffects":false,"showParticleSystems":false},"in2DMode":false,"pivot":{"x":63.86507034301758,"y":15.440142631530762,"z":99.98175048828125},"rotation":{"x":0.21397081017494203,"y":0.3307042717933655,"z":-0.07725810259580612,"w":0.9159078001976013},"size":66.44024658203125,"orthographic":false}