{"cameraMode":{"drawMode":0,"name":"Shaded","section":"Shading Mode"},"sceneLighting":false,"audioPlay":false,"sceneViewState":{"showFog":true,"showMaterialUpdate":false,"showSkybox":false,"showFlares":true,"showImageEffects":true,"showParticleSystems":true},"in2DMode":false,"pivot":{"x":197.66310119628907,"y":42.39684295654297,"z":601.1016235351563},"rotation":{"x":0.024133019149303438,"y":0.9758558869361877,"z":-0.15108181536197663,"w":0.155881866812706},"size":10.0,"orthographic":false}